model	acc_org	acc_rand
ComplEx	0.6496296296296297	0.502962962962963
DeCaL	0.4888888888888889	0.48148148148148145
DistMult	0.337037037037037	0.4955555555555556
Keci	0.8977777777777778	0.522962962962963
OMult	0.9044444444444445	0.4777777777777778
Pykeen_MuRE	0.9755555555555555	0.502962962962963
QMult	0.9577777777777777	0.5103703703703704
TransE	0.725925925925926	0.5207407407407407
