model	acc_org	acc_rand
ComplEx	0.6437037037037037	0.4725925925925926
DeCaL	0.3874074074074074	0.4985185185185185
DistMult	0.5385185185185185	0.5059259259259259
DualE	0.8333333333333334	0.5014814814814815
Keci	0.697037037037037	0.482962962962963
OMult	0.7888888888888889	0.49703703703703705
QMult	0.9103703703703704	0.4874074074074074
