relation,MAE_GLOBAL,RMSE_GLOBAL,MAE_LOCAL,RMSE_LOCAL
birthDate,23.360666929559326,34.42128611762777,22.4064066536162,34.59210077929483
completionDate,9.424703390392235,11.297957883051497,7.692403562481015,9.484855079318988
deathDate,26.636416716419742,38.64294559619858,26.88006742429235,38.33794857211238
formationDate,40.35764650000001,47.10491845207741,40.35764650000001,47.10491845207741
foundingDate,52.94387371122636,63.124205356641596,58.20332098803746,74.39382708384292
height,1.403262410865874,1.4076923536421473,1.403262410865874,1.4076923536421473
releaseDate,13.332472902513327,18.40529411317265,11.492033107641529,17.057465847272645
wgs84_pos#lat,11.830167909899975,17.656363131170075,7.066164599903752,15.045645742318184
wgs84_pos#long,59.821099886589295,69.81303882209605,33.89686564606467,54.13845070918865
