relation,MAE,RMSE
birthDate,16.612173614753573,26.015820014996148
completionDate,13.082085623980976,16.99493665976135
deathDate,25.373339857054138,35.70899134482892
formationDate,104.24815601004468,126.03156628349323
foundingDate,38.34272250917734,51.370888560335125
height,9.933446509676202,12.813298006855051
releaseDate,11.207145473028268,14.601448808384712
wgs84_pos#lat,7.7872255269097215,11.162115657399976
wgs84_pos#long,26.126568289698334,39.97868980056169