relation,MAE_GLOBAL,RMSE_GLOBAL,MAE_LOCAL,RMSE_LOCAL
diedOnDate,58.508044039156516,171.63099601728553,52.686517975970595,129.47540549449857
happenedOnDate,54.443786039657056,76.16454951848654,54.443786039657056,76.16454951848654
hasLatitude,9.169515232743358,14.514308848979715,3.03851031285624,6.362624256682691
hasLongitude,60.46644093723075,71.78423349698238,11.412406410071842,27.12729574818939
wasBornOnDate,26.49482592494172,49.56316534398423,24.441388046427722,41.57878928302675
wasCreatedOnDate,91.56536779363672,156.33839385319513,149.45325823717067,218.03407516118858
wasDestroyedOnDate,42.63853959837741,56.51639850191402,44.08734447870195,59.17932742875491
